#
# Start of 10.1 tests
#
#
# MDEV-8865 Wrong field type or metadata for COALESCE(signed_int_column, unsigned_int_column)
#
#
CREATE TABLE t1 (a INT, b INT UNSIGNED);
INSERT INTO t1 VALUES (1,1);
INSERT INTO t1 VALUES (-1,1);
INSERT INTO t1 VALUES (-2147483648,4294967295);
SELECT
a                                         AS ___________a,
CASE WHEN a IS NOT NULL THEN a END        AS case_______a,
CASE WHEN a IS NOT NULL THEN a ELSE a END AS case_____a_a,
COALESCE(a)                               AS coalesce___a,
COALESCE(a, a)                            AS coalesce_a_a,
IF(a IS NULL, a, a)                       AS if_______a_a,
IFNULL(a, a)                              AS ifnull___a_a,
LEAST(a, a)                               AS least____a_a,
GREATEST(a, a)                            AS greatest_a_a,
b                                         AS ___________b,
CASE WHEN a IS NOT NULL THEN b END        AS case_______b,
CASE WHEN a IS NOT NULL THEN b ELSE b END AS case_____b_b,
COALESCE(b)                               AS coalesce___b,
COALESCE(b, b)                            AS coalesce_b_b,
IF(a IS NULL, b, b)                       AS if_______b_b,
IFNULL(b, b)                              AS ifnull___b_b,
LEAST(b, b)                               AS least____b_b,
GREATEST(b, b)                            AS greatest_b_b
FROM t1;
Catalog	Database	Table	Table_alias	Column	Column_alias	Type	Length	Max length	Is_null	Flags	Decimals	Charsetnr
def	test	t1	t1	a	___________a	3	11	11	Y	32768	0	63
def					case_______a	3	11	11	Y	32896	0	63
def					case_____a_a	3	11	11	Y	32896	0	63
def					coalesce___a	3	11	11	Y	32896	0	63
def					coalesce_a_a	3	11	11	Y	32896	0	63
def					if_______a_a	3	11	11	Y	32896	0	63
def					ifnull___a_a	3	11	11	Y	32896	0	63
def					least____a_a	3	11	11	Y	32896	0	63
def					greatest_a_a	3	11	11	Y	32896	0	63
def	test	t1	t1	b	___________b	3	10	10	Y	32800	0	63
def					case_______b	3	10	10	Y	32928	0	63
def					case_____b_b	3	10	10	Y	32928	0	63
def					coalesce___b	3	10	10	Y	32928	0	63
def					coalesce_b_b	3	10	10	Y	32928	0	63
def					if_______b_b	3	10	10	Y	32928	0	63
def					ifnull___b_b	3	10	10	Y	32928	0	63
def					least____b_b	3	10	10	Y	32928	0	63
def					greatest_b_b	3	10	10	Y	32928	0	63
___________a	1
case_______a	1
case_____a_a	1
coalesce___a	1
coalesce_a_a	1
if_______a_a	1
ifnull___a_a	1
least____a_a	1
greatest_a_a	1
___________b	1
case_______b	1
case_____b_b	1
coalesce___b	1
coalesce_b_b	1
if_______b_b	1
ifnull___b_b	1
least____b_b	1
greatest_b_b	1
___________a	-1
case_______a	-1
case_____a_a	-1
coalesce___a	-1
coalesce_a_a	-1
if_______a_a	-1
ifnull___a_a	-1
least____a_a	-1
greatest_a_a	-1
___________b	1
case_______b	1
case_____b_b	1
coalesce___b	1
coalesce_b_b	1
if_______b_b	1
ifnull___b_b	1
least____b_b	1
greatest_b_b	1
___________a	-2147483648
case_______a	-2147483648
case_____a_a	-2147483648
coalesce___a	-2147483648
coalesce_a_a	-2147483648
if_______a_a	-2147483648
ifnull___a_a	-2147483648
least____a_a	-2147483648
greatest_a_a	-2147483648
___________b	4294967295
case_______b	4294967295
case_____b_b	4294967295
coalesce___b	4294967295
coalesce_b_b	4294967295
if_______b_b	4294967295
ifnull___b_b	4294967295
least____b_b	4294967295
greatest_b_b	4294967295
SELECT
CASE WHEN a IS NOT NULL THEN a ELSE b END AS case_____a_b,
CASE WHEN a IS NOT NULL THEN b ELSE a END AS case_____b_a,
COALESCE(a, b)                            AS coalesce_a_b,
COALESCE(b, a)                            AS coalesce_b_a,
IF(a IS NULL, a, b)                       AS if_______a_b,
IF(a IS NULL, b, a)                       AS if_______b_a,
IFNULL(a, b)                              AS ifnull___a_b,
IFNULL(b, a)                              AS ifnull___b_a,
LEAST(a, b)                               AS least____a_b,
LEAST(b, a)                               AS least____b_a,
GREATEST(a, b)                            AS greatest_a_b,
GREATEST(b, a)                            AS greatest_b_a
FROM t1;
Catalog	Database	Table	Table_alias	Column	Column_alias	Type	Length	Max length	Is_null	Flags	Decimals	Charsetnr
def					case_____a_b	246	11	11	Y	32896	0	63
def					case_____b_a	246	11	10	Y	32896	0	63
def					coalesce_a_b	246	11	11	Y	32896	0	63
def					coalesce_b_a	246	11	10	Y	32896	0	63
def					if_______a_b	246	11	10	Y	32896	0	63
def					if_______b_a	246	11	11	Y	32896	0	63
def					ifnull___a_b	246	11	11	Y	32896	0	63
def					ifnull___b_a	246	11	10	Y	32896	0	63
def					least____a_b	246	11	11	Y	32896	0	63
def					least____b_a	246	11	11	Y	32896	0	63
def					greatest_a_b	246	11	10	Y	32896	0	63
def					greatest_b_a	246	11	10	Y	32896	0	63
case_____a_b	1
case_____b_a	1
coalesce_a_b	1
coalesce_b_a	1
if_______a_b	1
if_______b_a	1
ifnull___a_b	1
ifnull___b_a	1
least____a_b	1
least____b_a	1
greatest_a_b	1
greatest_b_a	1
case_____a_b	-1
case_____b_a	1
coalesce_a_b	-1
coalesce_b_a	1
if_______a_b	1
if_______b_a	-1
ifnull___a_b	-1
ifnull___b_a	1
least____a_b	-1
least____b_a	-1
greatest_a_b	1
greatest_b_a	1
case_____a_b	-2147483648
case_____b_a	4294967295
coalesce_a_b	-2147483648
coalesce_b_a	4294967295
if_______a_b	4294967295
if_______b_a	-2147483648
ifnull___a_b	-2147483648
ifnull___b_a	4294967295
least____a_b	-2147483648
least____b_a	-2147483648
greatest_a_b	4294967295
greatest_b_a	4294967295
CREATE TABLE t2 AS
SELECT
a                                         AS ___________a,
CASE WHEN a IS NOT NULL THEN a END        AS case_______a,
CASE WHEN a IS NOT NULL THEN a ELSE a END AS case_____a_a,
COALESCE(a)                               AS coalesce___a,
COALESCE(a, a)                            AS coalesce_a_a,
IF(a IS NULL, a, a)                       AS if_______a_a,
IFNULL(a, a)                              AS ifnull___a_a,
LEAST(a, a)                               AS least____a_a,
GREATEST(a, a)                            AS greatest_a_a,
b                                         AS ___________b,
CASE WHEN a IS NOT NULL THEN b END        AS case_______b,
CASE WHEN a IS NOT NULL THEN b ELSE b END AS case_____b_b,
COALESCE(b)                               AS coalesce___b,
COALESCE(b, b)                            AS coalesce_b_b,
IF(a IS NULL, b, b)                       AS if_______b_b,
IFNULL(b, b)                              AS ifnull___b_b,
LEAST(b, b)                               AS least____b_b,
GREATEST(b, b)                            AS greatest_b_b
FROM t1;
SHOW CREATE TABLE t2;
Table	Create Table
t2	CREATE TABLE `t2` (
  `___________a` int(11) DEFAULT NULL,
  `case_______a` int(11) DEFAULT NULL,
  `case_____a_a` int(11) DEFAULT NULL,
  `coalesce___a` int(11) DEFAULT NULL,
  `coalesce_a_a` int(11) DEFAULT NULL,
  `if_______a_a` int(11) DEFAULT NULL,
  `ifnull___a_a` int(11) DEFAULT NULL,
  `least____a_a` int(11) DEFAULT NULL,
  `greatest_a_a` int(11) DEFAULT NULL,
  `___________b` int(10) unsigned DEFAULT NULL,
  `case_______b` int(10) unsigned DEFAULT NULL,
  `case_____b_b` int(10) unsigned DEFAULT NULL,
  `coalesce___b` int(10) unsigned DEFAULT NULL,
  `coalesce_b_b` int(10) unsigned DEFAULT NULL,
  `if_______b_b` int(10) unsigned DEFAULT NULL,
  `ifnull___b_b` int(10) unsigned DEFAULT NULL,
  `least____b_b` int(10) unsigned DEFAULT NULL,
  `greatest_b_b` int(10) unsigned DEFAULT NULL
) ENGINE=MyISAM DEFAULT CHARSET=latin1
DROP TABLE t2;
CREATE TABLE t2 AS
SELECT
CASE WHEN a IS NOT NULL THEN a ELSE b END AS case_____a_b,
CASE WHEN a IS NOT NULL THEN b ELSE a END AS case_____b_a,
COALESCE(a, b)                            AS coalesce_a_b,
COALESCE(b, a)                            AS coalesce_b_a,
IF(a IS NULL, a, b)                       AS if_______a_b,
IF(a IS NULL, b, a)                       AS if_______b_a,
IFNULL(a, b)                              AS ifnull___a_b,
IFNULL(b, a)                              AS ifnull___b_a,
LEAST(a, b)                               AS least____a_b,
LEAST(b, a)                               AS least____b_a,
GREATEST(a, b)                            AS greatest_a_b,
GREATEST(b, a)                            AS greatest_b_a
FROM t1;
SHOW CREATE TABLE t2;
Table	Create Table
t2	CREATE TABLE `t2` (
  `case_____a_b` decimal(10,0) DEFAULT NULL,
  `case_____b_a` decimal(10,0) DEFAULT NULL,
  `coalesce_a_b` decimal(10,0) DEFAULT NULL,
  `coalesce_b_a` decimal(10,0) DEFAULT NULL,
  `if_______a_b` decimal(10,0) DEFAULT NULL,
  `if_______b_a` decimal(10,0) DEFAULT NULL,
  `ifnull___a_b` decimal(10,0) DEFAULT NULL,
  `ifnull___b_a` decimal(10,0) DEFAULT NULL,
  `least____a_b` decimal(10,0) DEFAULT NULL,
  `least____b_a` decimal(10,0) DEFAULT NULL,
  `greatest_a_b` decimal(10,0) DEFAULT NULL,
  `greatest_b_a` decimal(10,0) DEFAULT NULL
) ENGINE=MyISAM DEFAULT CHARSET=latin1
DROP TABLE t2;
DROP TABLE t1;
#
CREATE TABLE t1 (a INT, b INT);
INSERT INTO t1 VALUES (1,1);
INSERT INTO t1 VALUES (-2147483648,2147483647);
SELECT
a                                         AS ___________a,
CASE WHEN a IS NOT NULL THEN a END        AS case_______a,
CASE WHEN a IS NOT NULL THEN a ELSE a END AS case_____a_a,
COALESCE(a)                               AS coalesce___a,
COALESCE(a, a)                            AS coalesce_a_a,
IF(a IS NULL, a, a)                       AS if_______a_a,
IFNULL(a, a)                              AS ifnull___a_a,
LEAST(a, a)                               AS least____a_a,
GREATEST(a, a)                            AS greatest_a_a,
b                                         AS ___________b,
CASE WHEN a IS NOT NULL THEN b END        AS case_______b,
CASE WHEN a IS NOT NULL THEN b ELSE b END AS case_____b_b,
COALESCE(b)                               AS coalesce___b,
COALESCE(b, b)                            AS coalesce_b_b,
IF(a IS NULL, b, b)                       AS if_______b_b,
IFNULL(b, b)                              AS ifnull___b_b,
LEAST(b, b)                               AS least____b_b,
GREATEST(b, b)                            AS greatest_b_b
FROM t1;
Catalog	Database	Table	Table_alias	Column	Column_alias	Type	Length	Max length	Is_null	Flags	Decimals	Charsetnr
def	test	t1	t1	a	___________a	3	11	11	Y	32768	0	63
def					case_______a	3	11	11	Y	32896	0	63
def					case_____a_a	3	11	11	Y	32896	0	63
def					coalesce___a	3	11	11	Y	32896	0	63
def					coalesce_a_a	3	11	11	Y	32896	0	63
def					if_______a_a	3	11	11	Y	32896	0	63
def					ifnull___a_a	3	11	11	Y	32896	0	63
def					least____a_a	3	11	11	Y	32896	0	63
def					greatest_a_a	3	11	11	Y	32896	0	63
def	test	t1	t1	b	___________b	3	11	10	Y	32768	0	63
def					case_______b	3	11	10	Y	32896	0	63
def					case_____b_b	3	11	10	Y	32896	0	63
def					coalesce___b	3	11	10	Y	32896	0	63
def					coalesce_b_b	3	11	10	Y	32896	0	63
def					if_______b_b	3	11	10	Y	32896	0	63
def					ifnull___b_b	3	11	10	Y	32896	0	63
def					least____b_b	3	11	10	Y	32896	0	63
def					greatest_b_b	3	11	10	Y	32896	0	63
___________a	1
case_______a	1
case_____a_a	1
coalesce___a	1
coalesce_a_a	1
if_______a_a	1
ifnull___a_a	1
least____a_a	1
greatest_a_a	1
___________b	1
case_______b	1
case_____b_b	1
coalesce___b	1
coalesce_b_b	1
if_______b_b	1
ifnull___b_b	1
least____b_b	1
greatest_b_b	1
___________a	-2147483648
case_______a	-2147483648
case_____a_a	-2147483648
coalesce___a	-2147483648
coalesce_a_a	-2147483648
if_______a_a	-2147483648
ifnull___a_a	-2147483648
least____a_a	-2147483648
greatest_a_a	-2147483648
___________b	2147483647
case_______b	2147483647
case_____b_b	2147483647
coalesce___b	2147483647
coalesce_b_b	2147483647
if_______b_b	2147483647
ifnull___b_b	2147483647
least____b_b	2147483647
greatest_b_b	2147483647
SELECT
CASE WHEN a IS NOT NULL THEN a ELSE b END AS case_____a_b,
CASE WHEN a IS NOT NULL THEN b ELSE a END AS case_____b_a,
COALESCE(a, b)                            AS coalesce_a_b,
COALESCE(b, a)                            AS coalesce_b_a,
IF(a IS NULL, a, b)                       AS if_______a_b,
IF(a IS NULL, b, a)                       AS if_______b_a,
IFNULL(a, b)                              AS ifnull___a_b,
IFNULL(b, a)                              AS ifnull___b_a,
LEAST(a, b)                               AS least____a_b,
LEAST(b, a)                               AS least____b_a,
GREATEST(a, b)                            AS greatest_a_b,
GREATEST(b, a)                            AS greatest_b_a
FROM t1;
Catalog	Database	Table	Table_alias	Column	Column_alias	Type	Length	Max length	Is_null	Flags	Decimals	Charsetnr
def					case_____a_b	3	11	11	Y	32896	0	63
def					case_____b_a	3	11	10	Y	32896	0	63
def					coalesce_a_b	3	11	11	Y	32896	0	63
def					coalesce_b_a	3	11	10	Y	32896	0	63
def					if_______a_b	3	11	10	Y	32896	0	63
def					if_______b_a	3	11	11	Y	32896	0	63
def					ifnull___a_b	3	11	11	Y	32896	0	63
def					ifnull___b_a	3	11	10	Y	32896	0	63
def					least____a_b	3	11	11	Y	32896	0	63
def					least____b_a	3	11	11	Y	32896	0	63
def					greatest_a_b	3	11	10	Y	32896	0	63
def					greatest_b_a	3	11	10	Y	32896	0	63
case_____a_b	1
case_____b_a	1
coalesce_a_b	1
coalesce_b_a	1
if_______a_b	1
if_______b_a	1
ifnull___a_b	1
ifnull___b_a	1
least____a_b	1
least____b_a	1
greatest_a_b	1
greatest_b_a	1
case_____a_b	-2147483648
case_____b_a	2147483647
coalesce_a_b	-2147483648
coalesce_b_a	2147483647
if_______a_b	2147483647
if_______b_a	-2147483648
ifnull___a_b	-2147483648
ifnull___b_a	2147483647
least____a_b	-2147483648
least____b_a	-2147483648
greatest_a_b	2147483647
greatest_b_a	2147483647
CREATE TABLE t2 AS
SELECT
a                                         AS ___________a,
CASE WHEN a IS NOT NULL THEN a END        AS case_______a,
CASE WHEN a IS NOT NULL THEN a ELSE a END AS case_____a_a,
COALESCE(a)                               AS coalesce___a,
COALESCE(a, a)                            AS coalesce_a_a,
IF(a IS NULL, a, a)                       AS if_______a_a,
IFNULL(a, a)                              AS ifnull___a_a,
LEAST(a, a)                               AS least____a_a,
GREATEST(a, a)                            AS greatest_a_a,
b                                         AS ___________b,
CASE WHEN a IS NOT NULL THEN b END        AS case_______b,
CASE WHEN a IS NOT NULL THEN b ELSE b END AS case_____b_b,
COALESCE(b)                               AS coalesce___b,
COALESCE(b, b)                            AS coalesce_b_b,
IF(a IS NULL, b, b)                       AS if_______b_b,
IFNULL(b, b)                              AS ifnull___b_b,
LEAST(b, b)                               AS least____b_b,
GREATEST(b, b)                            AS greatest_b_b
FROM t1;
SHOW CREATE TABLE t2;
Table	Create Table
t2	CREATE TABLE `t2` (
  `___________a` int(11) DEFAULT NULL,
  `case_______a` int(11) DEFAULT NULL,
  `case_____a_a` int(11) DEFAULT NULL,
  `coalesce___a` int(11) DEFAULT NULL,
  `coalesce_a_a` int(11) DEFAULT NULL,
  `if_______a_a` int(11) DEFAULT NULL,
  `ifnull___a_a` int(11) DEFAULT NULL,
  `least____a_a` int(11) DEFAULT NULL,
  `greatest_a_a` int(11) DEFAULT NULL,
  `___________b` int(11) DEFAULT NULL,
  `case_______b` int(11) DEFAULT NULL,
  `case_____b_b` int(11) DEFAULT NULL,
  `coalesce___b` int(11) DEFAULT NULL,
  `coalesce_b_b` int(11) DEFAULT NULL,
  `if_______b_b` int(11) DEFAULT NULL,
  `ifnull___b_b` int(11) DEFAULT NULL,
  `least____b_b` int(11) DEFAULT NULL,
  `greatest_b_b` int(11) DEFAULT NULL
) ENGINE=MyISAM DEFAULT CHARSET=latin1
DROP TABLE t2;
CREATE TABLE t2 AS
SELECT
CASE WHEN a IS NOT NULL THEN a ELSE b END AS case_____a_b,
CASE WHEN a IS NOT NULL THEN b ELSE a END AS case_____b_a,
COALESCE(a, b)                            AS coalesce_a_b,
COALESCE(b, a)                            AS coalesce_b_a,
IF(a IS NULL, a, b)                       AS if_______a_b,
IF(a IS NULL, b, a)                       AS if_______b_a,
IFNULL(a, b)                              AS ifnull___a_b,
IFNULL(b, a)                              AS ifnull___b_a,
LEAST(a, b)                               AS least____a_b,
LEAST(b, a)                               AS least____b_a,
GREATEST(a, b)                            AS greatest_a_b,
GREATEST(b, a)                            AS greatest_b_a
FROM t1;
SHOW CREATE TABLE t2;
Table	Create Table
t2	CREATE TABLE `t2` (
  `case_____a_b` int(11) DEFAULT NULL,
  `case_____b_a` int(11) DEFAULT NULL,
  `coalesce_a_b` int(11) DEFAULT NULL,
  `coalesce_b_a` int(11) DEFAULT NULL,
  `if_______a_b` int(11) DEFAULT NULL,
  `if_______b_a` int(11) DEFAULT NULL,
  `ifnull___a_b` int(11) DEFAULT NULL,
  `ifnull___b_a` int(11) DEFAULT NULL,
  `least____a_b` int(11) DEFAULT NULL,
  `least____b_a` int(11) DEFAULT NULL,
  `greatest_a_b` int(11) DEFAULT NULL,
  `greatest_b_a` int(11) DEFAULT NULL
) ENGINE=MyISAM DEFAULT CHARSET=latin1
DROP TABLE t2;
DROP TABLE t1;
#
CREATE TABLE t1 (a BIGINT, b BIGINT UNSIGNED);
INSERT INTO t1 VALUES (1,1);
INSERT INTO t1 VALUES (-9223372036854775808,0xFFFFFFFFFFFFFFFF);
SELECT
a                                         AS ___________a,
CASE WHEN a IS NOT NULL THEN a END        AS case_______a,
CASE WHEN a IS NOT NULL THEN a ELSE a END AS case_____a_a,
COALESCE(a)                               AS coalesce___a,
COALESCE(a, a)                            AS coalesce_a_a,
IF(a IS NULL, a, a)                       AS if_______a_a,
IFNULL(a, a)                              AS ifnull___a_a,
LEAST(a, a)                               AS least____a_a,
GREATEST(a, a)                            AS greatest_a_a,
b                                         AS ___________b,
CASE WHEN a IS NOT NULL THEN b END        AS case_______b,
CASE WHEN a IS NOT NULL THEN b ELSE b END AS case_____b_b,
COALESCE(b)                               AS coalesce___b,
COALESCE(b, b)                            AS coalesce_b_b,
IF(a IS NULL, b, b)                       AS if_______b_b,
IFNULL(b, b)                              AS ifnull___b_b,
LEAST(b, b)                               AS least____b_b,
GREATEST(b, b)                            AS greatest_b_b
FROM t1;
Catalog	Database	Table	Table_alias	Column	Column_alias	Type	Length	Max length	Is_null	Flags	Decimals	Charsetnr
def	test	t1	t1	a	___________a	8	20	20	Y	32768	0	63
def					case_______a	8	20	20	Y	32896	0	63
def					case_____a_a	8	20	20	Y	32896	0	63
def					coalesce___a	8	20	20	Y	32896	0	63
def					coalesce_a_a	8	20	20	Y	32896	0	63
def					if_______a_a	8	20	20	Y	32896	0	63
def					ifnull___a_a	8	20	20	Y	32896	0	63
def					least____a_a	8	20	20	Y	32896	0	63
def					greatest_a_a	8	20	20	Y	32896	0	63
def	test	t1	t1	b	___________b	8	20	20	Y	32800	0	63
def					case_______b	8	20	20	Y	32928	0	63
def					case_____b_b	8	20	20	Y	32928	0	63
def					coalesce___b	8	20	20	Y	32928	0	63
def					coalesce_b_b	8	20	20	Y	32928	0	63
def					if_______b_b	8	20	20	Y	32928	0	63
def					ifnull___b_b	8	20	20	Y	32928	0	63
def					least____b_b	8	20	20	Y	32928	0	63
def					greatest_b_b	8	20	20	Y	32928	0	63
___________a	1
case_______a	1
case_____a_a	1
coalesce___a	1
coalesce_a_a	1
if_______a_a	1
ifnull___a_a	1
least____a_a	1
greatest_a_a	1
___________b	1
case_______b	1
case_____b_b	1
coalesce___b	1
coalesce_b_b	1
if_______b_b	1
ifnull___b_b	1
least____b_b	1
greatest_b_b	1
___________a	-9223372036854775808
case_______a	-9223372036854775808
case_____a_a	-9223372036854775808
coalesce___a	-9223372036854775808
coalesce_a_a	-9223372036854775808
if_______a_a	-9223372036854775808
ifnull___a_a	-9223372036854775808
least____a_a	-9223372036854775808
greatest_a_a	-9223372036854775808
___________b	18446744073709551615
case_______b	18446744073709551615
case_____b_b	18446744073709551615
coalesce___b	18446744073709551615
coalesce_b_b	18446744073709551615
if_______b_b	18446744073709551615
ifnull___b_b	18446744073709551615
least____b_b	18446744073709551615
greatest_b_b	18446744073709551615
SELECT
CASE WHEN a IS NOT NULL THEN a ELSE b END AS case_____a_b,
CASE WHEN a IS NOT NULL THEN b ELSE a END AS case_____b_a,
COALESCE(a, b)                            AS coalesce_a_b,
COALESCE(b, a)                            AS coalesce_b_a,
IF(a IS NULL, a, b)                       AS if_______a_b,
IF(a IS NULL, b, a)                       AS if_______b_a,
IFNULL(a, b)                              AS ifnull___a_b,
IFNULL(b, a)                              AS ifnull___b_a,
LEAST(a, b)                               AS least____a_b,
LEAST(b, a)                               AS least____b_a,
GREATEST(a, b)                            AS greatest_a_b,
GREATEST(b, a)                            AS greatest_b_a
FROM t1;
Catalog	Database	Table	Table_alias	Column	Column_alias	Type	Length	Max length	Is_null	Flags	Decimals	Charsetnr
def					case_____a_b	246	21	20	Y	32896	0	63
def					case_____b_a	246	21	20	Y	32896	0	63
def					coalesce_a_b	246	21	20	Y	32896	0	63
def					coalesce_b_a	246	21	20	Y	32896	0	63
def					if_______a_b	246	21	20	Y	32896	0	63
def					if_______b_a	246	21	20	Y	32896	0	63
def					ifnull___a_b	246	21	20	Y	32896	0	63
def					ifnull___b_a	246	21	20	Y	32896	0	63
def					least____a_b	246	21	20	Y	32896	0	63
def					least____b_a	246	21	20	Y	32896	0	63
def					greatest_a_b	246	21	20	Y	32896	0	63
def					greatest_b_a	246	21	20	Y	32896	0	63
case_____a_b	1
case_____b_a	1
coalesce_a_b	1
coalesce_b_a	1
if_______a_b	1
if_______b_a	1
ifnull___a_b	1
ifnull___b_a	1
least____a_b	1
least____b_a	1
greatest_a_b	1
greatest_b_a	1
case_____a_b	-9223372036854775808
case_____b_a	18446744073709551615
coalesce_a_b	-9223372036854775808
coalesce_b_a	18446744073709551615
if_______a_b	18446744073709551615
if_______b_a	-9223372036854775808
ifnull___a_b	-9223372036854775808
ifnull___b_a	18446744073709551615
least____a_b	-9223372036854775808
least____b_a	-9223372036854775808
greatest_a_b	18446744073709551615
greatest_b_a	18446744073709551615
CREATE TABLE t2 AS
SELECT
a                                         AS ___________a,
CASE WHEN a IS NOT NULL THEN a END        AS case_______a,
CASE WHEN a IS NOT NULL THEN a ELSE a END AS case_____a_a,
COALESCE(a)                               AS coalesce___a,
COALESCE(a, a)                            AS coalesce_a_a,
IF(a IS NULL, a, a)                       AS if_______a_a,
IFNULL(a, a)                              AS ifnull___a_a,
LEAST(a, a)                               AS least____a_a,
GREATEST(a, a)                            AS greatest_a_a,
b                                         AS ___________b,
CASE WHEN a IS NOT NULL THEN b END        AS case_______b,
CASE WHEN a IS NOT NULL THEN b ELSE b END AS case_____b_b,
COALESCE(b)                               AS coalesce___b,
COALESCE(b, b)                            AS coalesce_b_b,
IF(a IS NULL, b, b)                       AS if_______b_b,
IFNULL(b, b)                              AS ifnull___b_b,
LEAST(b, b)                               AS least____b_b,
GREATEST(b, b)                            AS greatest_b_b
FROM t1;
SHOW CREATE TABLE t2;
Table	Create Table
t2	CREATE TABLE `t2` (
  `___________a` bigint(20) DEFAULT NULL,
  `case_______a` bigint(20) DEFAULT NULL,
  `case_____a_a` bigint(20) DEFAULT NULL,
  `coalesce___a` bigint(20) DEFAULT NULL,
  `coalesce_a_a` bigint(20) DEFAULT NULL,
  `if_______a_a` bigint(20) DEFAULT NULL,
  `ifnull___a_a` bigint(20) DEFAULT NULL,
  `least____a_a` bigint(20) DEFAULT NULL,
  `greatest_a_a` bigint(20) DEFAULT NULL,
  `___________b` bigint(20) unsigned DEFAULT NULL,
  `case_______b` bigint(20) unsigned DEFAULT NULL,
  `case_____b_b` bigint(20) unsigned DEFAULT NULL,
  `coalesce___b` bigint(20) unsigned DEFAULT NULL,
  `coalesce_b_b` bigint(20) unsigned DEFAULT NULL,
  `if_______b_b` bigint(20) unsigned DEFAULT NULL,
  `ifnull___b_b` bigint(20) unsigned DEFAULT NULL,
  `least____b_b` bigint(20) unsigned DEFAULT NULL,
  `greatest_b_b` bigint(20) unsigned DEFAULT NULL
) ENGINE=MyISAM DEFAULT CHARSET=latin1
DROP TABLE t2;
CREATE TABLE t2 AS
SELECT
CASE WHEN a IS NOT NULL THEN a ELSE b END AS case_____a_b,
CASE WHEN a IS NOT NULL THEN b ELSE a END AS case_____b_a,
COALESCE(a, b)                            AS coalesce_a_b,
COALESCE(b, a)                            AS coalesce_b_a,
IF(a IS NULL, a, b)                       AS if_______a_b,
IF(a IS NULL, b, a)                       AS if_______b_a,
IFNULL(a, b)                              AS ifnull___a_b,
IFNULL(b, a)                              AS ifnull___b_a,
LEAST(a, b)                               AS least____a_b,
LEAST(b, a)                               AS least____b_a,
GREATEST(a, b)                            AS greatest_a_b,
GREATEST(b, a)                            AS greatest_b_a
FROM t1;
SHOW CREATE TABLE t2;
Table	Create Table
t2	CREATE TABLE `t2` (
  `case_____a_b` decimal(20,0) DEFAULT NULL,
  `case_____b_a` decimal(20,0) DEFAULT NULL,
  `coalesce_a_b` decimal(20,0) DEFAULT NULL,
  `coalesce_b_a` decimal(20,0) DEFAULT NULL,
  `if_______a_b` decimal(20,0) DEFAULT NULL,
  `if_______b_a` decimal(20,0) DEFAULT NULL,
  `ifnull___a_b` decimal(20,0) DEFAULT NULL,
  `ifnull___b_a` decimal(20,0) DEFAULT NULL,
  `least____a_b` decimal(20,0) DEFAULT NULL,
  `least____b_a` decimal(20,0) DEFAULT NULL,
  `greatest_a_b` decimal(20,0) DEFAULT NULL,
  `greatest_b_a` decimal(20,0) DEFAULT NULL
) ENGINE=MyISAM DEFAULT CHARSET=latin1
DROP TABLE t2;
DROP TABLE t1;
#
CREATE TABLE t1 (a BIGINT, b BIGINT);
INSERT INTO t1 VALUES (1,1);
INSERT INTO t1 VALUES (-9223372036854775808,9223372036854775807);
SELECT
a                                         AS ___________a,
CASE WHEN a IS NOT NULL THEN a END        AS case_______a,
CASE WHEN a IS NOT NULL THEN a ELSE a END AS case_____a_a,
COALESCE(a)                               AS coalesce___a,
COALESCE(a, a)                            AS coalesce_a_a,
IF(a IS NULL, a, a)                       AS if_______a_a,
IFNULL(a, a)                              AS ifnull___a_a,
LEAST(a, a)                               AS least____a_a,
GREATEST(a, a)                            AS greatest_a_a,
b                                         AS ___________b,
CASE WHEN a IS NOT NULL THEN b END        AS case_______b,
CASE WHEN a IS NOT NULL THEN b ELSE b END AS case_____b_b,
COALESCE(b)                               AS coalesce___b,
COALESCE(b, b)                            AS coalesce_b_b,
IF(a IS NULL, b, b)                       AS if_______b_b,
IFNULL(b, b)                              AS ifnull___b_b,
LEAST(b, b)                               AS least____b_b,
GREATEST(b, b)                            AS greatest_b_b
FROM t1;
Catalog	Database	Table	Table_alias	Column	Column_alias	Type	Length	Max length	Is_null	Flags	Decimals	Charsetnr
def	test	t1	t1	a	___________a	8	20	20	Y	32768	0	63
def					case_______a	8	20	20	Y	32896	0	63
def					case_____a_a	8	20	20	Y	32896	0	63
def					coalesce___a	8	20	20	Y	32896	0	63
def					coalesce_a_a	8	20	20	Y	32896	0	63
def					if_______a_a	8	20	20	Y	32896	0	63
def					ifnull___a_a	8	20	20	Y	32896	0	63
def					least____a_a	8	20	20	Y	32896	0	63
def					greatest_a_a	8	20	20	Y	32896	0	63
def	test	t1	t1	b	___________b	8	20	19	Y	32768	0	63
def					case_______b	8	20	19	Y	32896	0	63
def					case_____b_b	8	20	19	Y	32896	0	63
def					coalesce___b	8	20	19	Y	32896	0	63
def					coalesce_b_b	8	20	19	Y	32896	0	63
def					if_______b_b	8	20	19	Y	32896	0	63
def					ifnull___b_b	8	20	19	Y	32896	0	63
def					least____b_b	8	20	19	Y	32896	0	63
def					greatest_b_b	8	20	19	Y	32896	0	63
___________a	1
case_______a	1
case_____a_a	1
coalesce___a	1
coalesce_a_a	1
if_______a_a	1
ifnull___a_a	1
least____a_a	1
greatest_a_a	1
___________b	1
case_______b	1
case_____b_b	1
coalesce___b	1
coalesce_b_b	1
if_______b_b	1
ifnull___b_b	1
least____b_b	1
greatest_b_b	1
___________a	-9223372036854775808
case_______a	-9223372036854775808
case_____a_a	-9223372036854775808
coalesce___a	-9223372036854775808
coalesce_a_a	-9223372036854775808
if_______a_a	-9223372036854775808
ifnull___a_a	-9223372036854775808
least____a_a	-9223372036854775808
greatest_a_a	-9223372036854775808
___________b	9223372036854775807
case_______b	9223372036854775807
case_____b_b	9223372036854775807
coalesce___b	9223372036854775807
coalesce_b_b	9223372036854775807
if_______b_b	9223372036854775807
ifnull___b_b	9223372036854775807
least____b_b	9223372036854775807
greatest_b_b	9223372036854775807
SELECT
CASE WHEN a IS NOT NULL THEN a ELSE b END AS case_____a_b,
CASE WHEN a IS NOT NULL THEN b ELSE a END AS case_____b_a,
COALESCE(a, b)                            AS coalesce_a_b,
COALESCE(b, a)                            AS coalesce_b_a,
IF(a IS NULL, a, b)                       AS if_______a_b,
IF(a IS NULL, b, a)                       AS if_______b_a,
IFNULL(a, b)                              AS ifnull___a_b,
IFNULL(b, a)                              AS ifnull___b_a,
LEAST(a, b)                               AS least____a_b,
LEAST(b, a)                               AS least____b_a,
GREATEST(a, b)                            AS greatest_a_b,
GREATEST(b, a)                            AS greatest_b_a
FROM t1;
Catalog	Database	Table	Table_alias	Column	Column_alias	Type	Length	Max length	Is_null	Flags	Decimals	Charsetnr
def					case_____a_b	8	20	20	Y	32896	0	63
def					case_____b_a	8	20	19	Y	32896	0	63
def					coalesce_a_b	8	20	20	Y	32896	0	63
def					coalesce_b_a	8	20	19	Y	32896	0	63
def					if_______a_b	8	20	19	Y	32896	0	63
def					if_______b_a	8	20	20	Y	32896	0	63
def					ifnull___a_b	8	20	20	Y	32896	0	63
def					ifnull___b_a	8	20	19	Y	32896	0	63
def					least____a_b	8	20	20	Y	32896	0	63
def					least____b_a	8	20	20	Y	32896	0	63
def					greatest_a_b	8	20	19	Y	32896	0	63
def					greatest_b_a	8	20	19	Y	32896	0	63
case_____a_b	1
case_____b_a	1
coalesce_a_b	1
coalesce_b_a	1
if_______a_b	1
if_______b_a	1
ifnull___a_b	1
ifnull___b_a	1
least____a_b	1
least____b_a	1
greatest_a_b	1
greatest_b_a	1
case_____a_b	-9223372036854775808
case_____b_a	9223372036854775807
coalesce_a_b	-9223372036854775808
coalesce_b_a	9223372036854775807
if_______a_b	9223372036854775807
if_______b_a	-9223372036854775808
ifnull___a_b	-9223372036854775808
ifnull___b_a	9223372036854775807
least____a_b	-9223372036854775808
least____b_a	-9223372036854775808
greatest_a_b	9223372036854775807
greatest_b_a	9223372036854775807
CREATE TABLE t2 AS
SELECT
a                                         AS ___________a,
CASE WHEN a IS NOT NULL THEN a END        AS case_______a,
CASE WHEN a IS NOT NULL THEN a ELSE a END AS case_____a_a,
COALESCE(a)                               AS coalesce___a,
COALESCE(a, a)                            AS coalesce_a_a,
IF(a IS NULL, a, a)                       AS if_______a_a,
IFNULL(a, a)                              AS ifnull___a_a,
LEAST(a, a)                               AS least____a_a,
GREATEST(a, a)                            AS greatest_a_a,
b                                         AS ___________b,
CASE WHEN a IS NOT NULL THEN b END        AS case_______b,
CASE WHEN a IS NOT NULL THEN b ELSE b END AS case_____b_b,
COALESCE(b)                               AS coalesce___b,
COALESCE(b, b)                            AS coalesce_b_b,
IF(a IS NULL, b, b)                       AS if_______b_b,
IFNULL(b, b)                              AS ifnull___b_b,
LEAST(b, b)                               AS least____b_b,
GREATEST(b, b)                            AS greatest_b_b
FROM t1;
SHOW CREATE TABLE t2;
Table	Create Table
t2	CREATE TABLE `t2` (
  `___________a` bigint(20) DEFAULT NULL,
  `case_______a` bigint(20) DEFAULT NULL,
  `case_____a_a` bigint(20) DEFAULT NULL,
  `coalesce___a` bigint(20) DEFAULT NULL,
  `coalesce_a_a` bigint(20) DEFAULT NULL,
  `if_______a_a` bigint(20) DEFAULT NULL,
  `ifnull___a_a` bigint(20) DEFAULT NULL,
  `least____a_a` bigint(20) DEFAULT NULL,
  `greatest_a_a` bigint(20) DEFAULT NULL,
  `___________b` bigint(20) DEFAULT NULL,
  `case_______b` bigint(20) DEFAULT NULL,
  `case_____b_b` bigint(20) DEFAULT NULL,
  `coalesce___b` bigint(20) DEFAULT NULL,
  `coalesce_b_b` bigint(20) DEFAULT NULL,
  `if_______b_b` bigint(20) DEFAULT NULL,
  `ifnull___b_b` bigint(20) DEFAULT NULL,
  `least____b_b` bigint(20) DEFAULT NULL,
  `greatest_b_b` bigint(20) DEFAULT NULL
) ENGINE=MyISAM DEFAULT CHARSET=latin1
DROP TABLE t2;
CREATE TABLE t2 AS
SELECT
CASE WHEN a IS NOT NULL THEN a ELSE b END AS case_____a_b,
CASE WHEN a IS NOT NULL THEN b ELSE a END AS case_____b_a,
COALESCE(a, b)                            AS coalesce_a_b,
COALESCE(b, a)                            AS coalesce_b_a,
IF(a IS NULL, a, b)                       AS if_______a_b,
IF(a IS NULL, b, a)                       AS if_______b_a,
IFNULL(a, b)                              AS ifnull___a_b,
IFNULL(b, a)                              AS ifnull___b_a,
LEAST(a, b)                               AS least____a_b,
LEAST(b, a)                               AS least____b_a,
GREATEST(a, b)                            AS greatest_a_b,
GREATEST(b, a)                            AS greatest_b_a
FROM t1;
SHOW CREATE TABLE t2;
Table	Create Table
t2	CREATE TABLE `t2` (
  `case_____a_b` bigint(20) DEFAULT NULL,
  `case_____b_a` bigint(20) DEFAULT NULL,
  `coalesce_a_b` bigint(20) DEFAULT NULL,
  `coalesce_b_a` bigint(20) DEFAULT NULL,
  `if_______a_b` bigint(20) DEFAULT NULL,
  `if_______b_a` bigint(20) DEFAULT NULL,
  `ifnull___a_b` bigint(20) DEFAULT NULL,
  `ifnull___b_a` bigint(20) DEFAULT NULL,
  `least____a_b` bigint(20) DEFAULT NULL,
  `least____b_a` bigint(20) DEFAULT NULL,
  `greatest_a_b` bigint(20) DEFAULT NULL,
  `greatest_b_a` bigint(20) DEFAULT NULL
) ENGINE=MyISAM DEFAULT CHARSET=latin1
DROP TABLE t2;
DROP TABLE t1;
#
CREATE TABLE t1 (a INT, b BIT(8));
INSERT INTO t1 VALUES (-2147483648,0x32);
SELECT
a                                         AS ___________a,
CASE WHEN a IS NOT NULL THEN a END        AS case_______a,
CASE WHEN a IS NOT NULL THEN a ELSE a END AS case_____a_a,
COALESCE(a)                               AS coalesce___a,
COALESCE(a, a)                            AS coalesce_a_a,
IF(a IS NULL, a, a)                       AS if_______a_a,
IFNULL(a, a)                              AS ifnull___a_a,
LEAST(a, a)                               AS least____a_a,
GREATEST(a, a)                            AS greatest_a_a,
b                                         AS ___________b,
CASE WHEN a IS NOT NULL THEN b END        AS case_______b,
CASE WHEN a IS NOT NULL THEN b ELSE b END AS case_____b_b,
COALESCE(b)                               AS coalesce___b,
COALESCE(b, b)                            AS coalesce_b_b,
IF(a IS NULL, b, b)                       AS if_______b_b,
IFNULL(b, b)                              AS ifnull___b_b,
LEAST(b, b)                               AS least____b_b,
GREATEST(b, b)                            AS greatest_b_b
FROM t1;
Catalog	Database	Table	Table_alias	Column	Column_alias	Type	Length	Max length	Is_null	Flags	Decimals	Charsetnr
def	test	t1	t1	a	___________a	3	11	11	Y	32768	0	63
def					case_______a	3	11	11	Y	32896	0	63
def					case_____a_a	3	11	11	Y	32896	0	63
def					coalesce___a	3	11	11	Y	32896	0	63
def					coalesce_a_a	3	11	11	Y	32896	0	63
def					if_______a_a	3	11	11	Y	32896	0	63
def					ifnull___a_a	3	11	11	Y	32896	0	63
def					least____a_a	3	11	11	Y	32896	0	63
def					greatest_a_a	3	11	11	Y	32896	0	63
def	test	t1	t1	b	___________b	16	8	1	Y	32	0	63
def					case_______b	16	8	2	Y	160	0	63
def					case_____b_b	16	8	2	Y	160	0	63
def					coalesce___b	16	8	2	Y	160	0	63
def					coalesce_b_b	16	8	2	Y	160	0	63
def					if_______b_b	16	8	2	Y	160	0	63
def					ifnull___b_b	16	8	2	Y	160	0	63
def					least____b_b	16	8	2	Y	160	0	63
def					greatest_b_b	16	8	2	Y	160	0	63
___________a	-2147483648
case_______a	-2147483648
case_____a_a	-2147483648
coalesce___a	-2147483648
coalesce_a_a	-2147483648
if_______a_a	-2147483648
ifnull___a_a	-2147483648
least____a_a	-2147483648
greatest_a_a	-2147483648
___________b	2
case_______b	50
case_____b_b	50
coalesce___b	50
coalesce_b_b	50
if_______b_b	50
ifnull___b_b	50
least____b_b	50
greatest_b_b	50
SELECT
CASE WHEN a IS NOT NULL THEN a ELSE b END AS case_____a_b,
CASE WHEN a IS NOT NULL THEN b ELSE a END AS case_____b_a,
COALESCE(a, b)                            AS coalesce_a_b,
COALESCE(b, a)                            AS coalesce_b_a,
IF(a IS NULL, a, b)                       AS if_______a_b,
IF(a IS NULL, b, a)                       AS if_______b_a,
IFNULL(a, b)                              AS ifnull___a_b,
IFNULL(b, a)                              AS ifnull___b_a,
LEAST(a, b)                               AS least____a_b,
LEAST(b, a)                               AS least____b_a,
GREATEST(a, b)                            AS greatest_a_b,
GREATEST(b, a)                            AS greatest_b_a
FROM t1;
Catalog	Database	Table	Table_alias	Column	Column_alias	Type	Length	Max length	Is_null	Flags	Decimals	Charsetnr
def					case_____a_b	246	11	11	Y	32896	0	63
def					case_____b_a	246	11	2	Y	32896	0	63
def					coalesce_a_b	246	11	11	Y	32896	0	63
def					coalesce_b_a	246	11	2	Y	32896	0	63
def					if_______a_b	246	11	2	Y	32896	0	63
def					if_______b_a	246	11	11	Y	32896	0	63
def					ifnull___a_b	246	11	11	Y	32896	0	63
def					ifnull___b_a	246	11	2	Y	32896	0	63
def					least____a_b	246	11	11	Y	32896	0	63
def					least____b_a	246	11	11	Y	32896	0	63
def					greatest_a_b	246	11	2	Y	32896	0	63
def					greatest_b_a	246	11	2	Y	32896	0	63
case_____a_b	-2147483648
case_____b_a	50
coalesce_a_b	-2147483648
coalesce_b_a	50
if_______a_b	50
if_______b_a	-2147483648
ifnull___a_b	-2147483648
ifnull___b_a	50
least____a_b	-2147483648
least____b_a	-2147483648
greatest_a_b	50
greatest_b_a	50
CREATE TABLE t2 AS
SELECT
a                                         AS ___________a,
CASE WHEN a IS NOT NULL THEN a END        AS case_______a,
CASE WHEN a IS NOT NULL THEN a ELSE a END AS case_____a_a,
COALESCE(a)                               AS coalesce___a,
COALESCE(a, a)                            AS coalesce_a_a,
IF(a IS NULL, a, a)                       AS if_______a_a,
IFNULL(a, a)                              AS ifnull___a_a,
LEAST(a, a)                               AS least____a_a,
GREATEST(a, a)                            AS greatest_a_a,
b                                         AS ___________b,
CASE WHEN a IS NOT NULL THEN b END        AS case_______b,
CASE WHEN a IS NOT NULL THEN b ELSE b END AS case_____b_b,
COALESCE(b)                               AS coalesce___b,
COALESCE(b, b)                            AS coalesce_b_b,
IF(a IS NULL, b, b)                       AS if_______b_b,
IFNULL(b, b)                              AS ifnull___b_b,
LEAST(b, b)                               AS least____b_b,
GREATEST(b, b)                            AS greatest_b_b
FROM t1;
SHOW CREATE TABLE t2;
Table	Create Table
t2	CREATE TABLE `t2` (
  `___________a` int(11) DEFAULT NULL,
  `case_______a` int(11) DEFAULT NULL,
  `case_____a_a` int(11) DEFAULT NULL,
  `coalesce___a` int(11) DEFAULT NULL,
  `coalesce_a_a` int(11) DEFAULT NULL,
  `if_______a_a` int(11) DEFAULT NULL,
  `ifnull___a_a` int(11) DEFAULT NULL,
  `least____a_a` int(11) DEFAULT NULL,
  `greatest_a_a` int(11) DEFAULT NULL,
  `___________b` bit(8) DEFAULT NULL,
  `case_______b` int(8) unsigned DEFAULT NULL,
  `case_____b_b` int(8) unsigned DEFAULT NULL,
  `coalesce___b` int(8) unsigned DEFAULT NULL,
  `coalesce_b_b` int(8) unsigned DEFAULT NULL,
  `if_______b_b` int(8) unsigned DEFAULT NULL,
  `ifnull___b_b` bit(8) DEFAULT NULL,
  `least____b_b` int(8) unsigned DEFAULT NULL,
  `greatest_b_b` int(8) unsigned DEFAULT NULL
) ENGINE=MyISAM DEFAULT CHARSET=latin1
DROP TABLE t2;
CREATE TABLE t2 AS
SELECT
CASE WHEN a IS NOT NULL THEN a ELSE b END AS case_____a_b,
CASE WHEN a IS NOT NULL THEN b ELSE a END AS case_____b_a,
COALESCE(a, b)                            AS coalesce_a_b,
COALESCE(b, a)                            AS coalesce_b_a,
IF(a IS NULL, a, b)                       AS if_______a_b,
IF(a IS NULL, b, a)                       AS if_______b_a,
IFNULL(a, b)                              AS ifnull___a_b,
IFNULL(b, a)                              AS ifnull___b_a,
LEAST(a, b)                               AS least____a_b,
LEAST(b, a)                               AS least____b_a,
GREATEST(a, b)                            AS greatest_a_b,
GREATEST(b, a)                            AS greatest_b_a
FROM t1;
SHOW CREATE TABLE t2;
Table	Create Table
t2	CREATE TABLE `t2` (
  `case_____a_b` decimal(10,0) DEFAULT NULL,
  `case_____b_a` decimal(10,0) DEFAULT NULL,
  `coalesce_a_b` decimal(10,0) DEFAULT NULL,
  `coalesce_b_a` decimal(10,0) DEFAULT NULL,
  `if_______a_b` decimal(10,0) DEFAULT NULL,
  `if_______b_a` decimal(10,0) DEFAULT NULL,
  `ifnull___a_b` decimal(10,0) DEFAULT NULL,
  `ifnull___b_a` decimal(10,0) DEFAULT NULL,
  `least____a_b` decimal(10,0) DEFAULT NULL,
  `least____b_a` decimal(10,0) DEFAULT NULL,
  `greatest_a_b` decimal(10,0) DEFAULT NULL,
  `greatest_b_a` decimal(10,0) DEFAULT NULL
) ENGINE=MyISAM DEFAULT CHARSET=latin1
DROP TABLE t2;
DROP TABLE t1;
#
CREATE TABLE t1 (a INT UNSIGNED, b BIT(8));
INSERT INTO t1 VALUES (4294967295,0x32);
SELECT
a                                         AS ___________a,
CASE WHEN a IS NOT NULL THEN a END        AS case_______a,
CASE WHEN a IS NOT NULL THEN a ELSE a END AS case_____a_a,
COALESCE(a)                               AS coalesce___a,
COALESCE(a, a)                            AS coalesce_a_a,
IF(a IS NULL, a, a)                       AS if_______a_a,
IFNULL(a, a)                              AS ifnull___a_a,
LEAST(a, a)                               AS least____a_a,
GREATEST(a, a)                            AS greatest_a_a,
b                                         AS ___________b,
CASE WHEN a IS NOT NULL THEN b END        AS case_______b,
CASE WHEN a IS NOT NULL THEN b ELSE b END AS case_____b_b,
COALESCE(b)                               AS coalesce___b,
COALESCE(b, b)                            AS coalesce_b_b,
IF(a IS NULL, b, b)                       AS if_______b_b,
IFNULL(b, b)                              AS ifnull___b_b,
LEAST(b, b)                               AS least____b_b,
GREATEST(b, b)                            AS greatest_b_b
FROM t1;
Catalog	Database	Table	Table_alias	Column	Column_alias	Type	Length	Max length	Is_null	Flags	Decimals	Charsetnr
def	test	t1	t1	a	___________a	3	10	10	Y	32800	0	63
def					case_______a	3	10	10	Y	32928	0	63
def					case_____a_a	3	10	10	Y	32928	0	63
def					coalesce___a	3	10	10	Y	32928	0	63
def					coalesce_a_a	3	10	10	Y	32928	0	63
def					if_______a_a	3	10	10	Y	32928	0	63
def					ifnull___a_a	3	10	10	Y	32928	0	63
def					least____a_a	3	10	10	Y	32928	0	63
def					greatest_a_a	3	10	10	Y	32928	0	63
def	test	t1	t1	b	___________b	16	8	1	Y	32	0	63
def					case_______b	16	8	2	Y	160	0	63
def					case_____b_b	16	8	2	Y	160	0	63
def					coalesce___b	16	8	2	Y	160	0	63
def					coalesce_b_b	16	8	2	Y	160	0	63
def					if_______b_b	16	8	2	Y	160	0	63
def					ifnull___b_b	16	8	2	Y	160	0	63
def					least____b_b	16	8	2	Y	160	0	63
def					greatest_b_b	16	8	2	Y	160	0	63
___________a	4294967295
case_______a	4294967295
case_____a_a	4294967295
coalesce___a	4294967295
coalesce_a_a	4294967295
if_______a_a	4294967295
ifnull___a_a	4294967295
least____a_a	4294967295
greatest_a_a	4294967295
___________b	2
case_______b	50
case_____b_b	50
coalesce___b	50
coalesce_b_b	50
if_______b_b	50
ifnull___b_b	50
least____b_b	50
greatest_b_b	50
SELECT
CASE WHEN a IS NOT NULL THEN a ELSE b END AS case_____a_b,
CASE WHEN a IS NOT NULL THEN b ELSE a END AS case_____b_a,
COALESCE(a, b)                            AS coalesce_a_b,
COALESCE(b, a)                            AS coalesce_b_a,
IF(a IS NULL, a, b)                       AS if_______a_b,
IF(a IS NULL, b, a)                       AS if_______b_a,
IFNULL(a, b)                              AS ifnull___a_b,
IFNULL(b, a)                              AS ifnull___b_a,
LEAST(a, b)                               AS least____a_b,
LEAST(b, a)                               AS least____b_a,
GREATEST(a, b)                            AS greatest_a_b,
GREATEST(b, a)                            AS greatest_b_a
FROM t1;
Catalog	Database	Table	Table_alias	Column	Column_alias	Type	Length	Max length	Is_null	Flags	Decimals	Charsetnr
def					case_____a_b	8	10	10	Y	32928	0	63
def					case_____b_a	8	10	2	Y	32928	0	63
def					coalesce_a_b	8	10	10	Y	32928	0	63
def					coalesce_b_a	8	10	2	Y	32928	0	63
def					if_______a_b	8	10	2	Y	32928	0	63
def					if_______b_a	8	10	10	Y	32928	0	63
def					ifnull___a_b	8	10	10	Y	32928	0	63
def					ifnull___b_a	8	10	2	Y	32928	0	63
def					least____a_b	253	10	2	Y	32	0	8
def					least____b_a	253	10	2	Y	32	0	8
def					greatest_a_b	253	10	10	Y	32	0	8
def					greatest_b_a	253	10	10	Y	32	0	8
case_____a_b	4294967295
case_____b_a	50
coalesce_a_b	4294967295
coalesce_b_a	50
if_______a_b	50
if_______b_a	4294967295
ifnull___a_b	4294967295
ifnull___b_a	50
least____a_b	50
least____b_a	50
greatest_a_b	4294967295
greatest_b_a	4294967295
CREATE TABLE t2 AS
SELECT
a                                         AS ___________a,
CASE WHEN a IS NOT NULL THEN a END        AS case_______a,
CASE WHEN a IS NOT NULL THEN a ELSE a END AS case_____a_a,
COALESCE(a)                               AS coalesce___a,
COALESCE(a, a)                            AS coalesce_a_a,
IF(a IS NULL, a, a)                       AS if_______a_a,
IFNULL(a, a)                              AS ifnull___a_a,
LEAST(a, a)                               AS least____a_a,
GREATEST(a, a)                            AS greatest_a_a,
b                                         AS ___________b,
CASE WHEN a IS NOT NULL THEN b END        AS case_______b,
CASE WHEN a IS NOT NULL THEN b ELSE b END AS case_____b_b,
COALESCE(b)                               AS coalesce___b,
COALESCE(b, b)                            AS coalesce_b_b,
IF(a IS NULL, b, b)                       AS if_______b_b,
IFNULL(b, b)                              AS ifnull___b_b,
LEAST(b, b)                               AS least____b_b,
GREATEST(b, b)                            AS greatest_b_b
FROM t1;
SHOW CREATE TABLE t2;
Table	Create Table
t2	CREATE TABLE `t2` (
  `___________a` int(10) unsigned DEFAULT NULL,
  `case_______a` int(10) unsigned DEFAULT NULL,
  `case_____a_a` int(10) unsigned DEFAULT NULL,
  `coalesce___a` int(10) unsigned DEFAULT NULL,
  `coalesce_a_a` int(10) unsigned DEFAULT NULL,
  `if_______a_a` int(10) unsigned DEFAULT NULL,
  `ifnull___a_a` int(10) unsigned DEFAULT NULL,
  `least____a_a` int(10) unsigned DEFAULT NULL,
  `greatest_a_a` int(10) unsigned DEFAULT NULL,
  `___________b` bit(8) DEFAULT NULL,
  `case_______b` int(8) unsigned DEFAULT NULL,
  `case_____b_b` int(8) unsigned DEFAULT NULL,
  `coalesce___b` int(8) unsigned DEFAULT NULL,
  `coalesce_b_b` int(8) unsigned DEFAULT NULL,
  `if_______b_b` int(8) unsigned DEFAULT NULL,
  `ifnull___b_b` bit(8) DEFAULT NULL,
  `least____b_b` int(8) unsigned DEFAULT NULL,
  `greatest_b_b` int(8) unsigned DEFAULT NULL
) ENGINE=MyISAM DEFAULT CHARSET=latin1
DROP TABLE t2;
CREATE TABLE t2 AS
SELECT
CASE WHEN a IS NOT NULL THEN a ELSE b END AS case_____a_b,
CASE WHEN a IS NOT NULL THEN b ELSE a END AS case_____b_a,
COALESCE(a, b)                            AS coalesce_a_b,
COALESCE(b, a)                            AS coalesce_b_a,
IF(a IS NULL, a, b)                       AS if_______a_b,
IF(a IS NULL, b, a)                       AS if_______b_a,
IFNULL(a, b)                              AS ifnull___a_b,
IFNULL(b, a)                              AS ifnull___b_a,
LEAST(a, b)                               AS least____a_b,
LEAST(b, a)                               AS least____b_a,
GREATEST(a, b)                            AS greatest_a_b,
GREATEST(b, a)                            AS greatest_b_a
FROM t1;
SHOW CREATE TABLE t2;
Table	Create Table
t2	CREATE TABLE `t2` (
  `case_____a_b` int(10) unsigned DEFAULT NULL,
  `case_____b_a` int(10) unsigned DEFAULT NULL,
  `coalesce_a_b` int(10) unsigned DEFAULT NULL,
  `coalesce_b_a` int(10) unsigned DEFAULT NULL,
  `if_______a_b` int(10) unsigned DEFAULT NULL,
  `if_______b_a` int(10) unsigned DEFAULT NULL,
  `ifnull___a_b` bigint(10) unsigned DEFAULT NULL,
  `ifnull___b_a` bigint(10) unsigned DEFAULT NULL,
  `least____a_b` int(10) unsigned DEFAULT NULL,
  `least____b_a` int(10) unsigned DEFAULT NULL,
  `greatest_a_b` int(10) unsigned DEFAULT NULL,
  `greatest_b_a` int(10) unsigned DEFAULT NULL
) ENGINE=MyISAM DEFAULT CHARSET=latin1
DROP TABLE t2;
DROP TABLE t1;
#
CREATE TABLE t1 (a BIT(7), b BIT(8));
INSERT INTO t1 VALUES (0x32,0x32);
SELECT
a                                         AS ___________a,
CASE WHEN a IS NOT NULL THEN a END        AS case_______a,
CASE WHEN a IS NOT NULL THEN a ELSE a END AS case_____a_a,
COALESCE(a)                               AS coalesce___a,
COALESCE(a, a)                            AS coalesce_a_a,
IF(a IS NULL, a, a)                       AS if_______a_a,
IFNULL(a, a)                              AS ifnull___a_a,
LEAST(a, a)                               AS least____a_a,
GREATEST(a, a)                            AS greatest_a_a,
b                                         AS ___________b,
CASE WHEN a IS NOT NULL THEN b END        AS case_______b,
CASE WHEN a IS NOT NULL THEN b ELSE b END AS case_____b_b,
COALESCE(b)                               AS coalesce___b,
COALESCE(b, b)                            AS coalesce_b_b,
IF(a IS NULL, b, b)                       AS if_______b_b,
IFNULL(b, b)                              AS ifnull___b_b,
LEAST(b, b)                               AS least____b_b,
GREATEST(b, b)                            AS greatest_b_b
FROM t1;
Catalog	Database	Table	Table_alias	Column	Column_alias	Type	Length	Max length	Is_null	Flags	Decimals	Charsetnr
def	test	t1	t1	a	___________a	16	7	1	Y	32	0	63
def					case_______a	16	7	2	Y	160	0	63
def					case_____a_a	16	7	2	Y	160	0	63
def					coalesce___a	16	7	2	Y	160	0	63
def					coalesce_a_a	16	7	2	Y	160	0	63
def					if_______a_a	16	7	2	Y	160	0	63
def					ifnull___a_a	16	7	2	Y	160	0	63
def					least____a_a	16	7	2	Y	160	0	63
def					greatest_a_a	16	7	2	Y	160	0	63
def	test	t1	t1	b	___________b	16	8	1	Y	32	0	63
def					case_______b	16	8	2	Y	160	0	63
def					case_____b_b	16	8	2	Y	160	0	63
def					coalesce___b	16	8	2	Y	160	0	63
def					coalesce_b_b	16	8	2	Y	160	0	63
def					if_______b_b	16	8	2	Y	160	0	63
def					ifnull___b_b	16	8	2	Y	160	0	63
def					least____b_b	16	8	2	Y	160	0	63
def					greatest_b_b	16	8	2	Y	160	0	63
___________a	2
case_______a	50
case_____a_a	50
coalesce___a	50
coalesce_a_a	50
if_______a_a	50
ifnull___a_a	50
least____a_a	50
greatest_a_a	50
___________b	2
case_______b	50
case_____b_b	50
coalesce___b	50
coalesce_b_b	50
if_______b_b	50
ifnull___b_b	50
least____b_b	50
greatest_b_b	50
SELECT
CASE WHEN a IS NOT NULL THEN a ELSE b END AS case_____a_b,
CASE WHEN a IS NOT NULL THEN b ELSE a END AS case_____b_a,
COALESCE(a, b)                            AS coalesce_a_b,
COALESCE(b, a)                            AS coalesce_b_a,
IF(a IS NULL, a, b)                       AS if_______a_b,
IF(a IS NULL, b, a)                       AS if_______b_a,
IFNULL(a, b)                              AS ifnull___a_b,
IFNULL(b, a)                              AS ifnull___b_a,
LEAST(a, b)                               AS least____a_b,
LEAST(b, a)                               AS least____b_a,
GREATEST(a, b)                            AS greatest_a_b,
GREATEST(b, a)                            AS greatest_b_a
FROM t1;
Catalog	Database	Table	Table_alias	Column	Column_alias	Type	Length	Max length	Is_null	Flags	Decimals	Charsetnr
def					case_____a_b	16	8	2	Y	160	0	63
def					case_____b_a	16	8	2	Y	160	0	63
def					coalesce_a_b	16	8	2	Y	160	0	63
def					coalesce_b_a	16	8	2	Y	160	0	63
def					if_______a_b	16	8	2	Y	160	0	63
def					if_______b_a	16	8	2	Y	160	0	63
def					ifnull___a_b	16	8	2	Y	160	0	63
def					ifnull___b_a	16	8	2	Y	160	0	63
def					least____a_b	16	8	2	Y	160	0	63
def					least____b_a	16	8	2	Y	160	0	63
def					greatest_a_b	16	8	2	Y	160	0	63
def					greatest_b_a	16	8	2	Y	160	0	63
case_____a_b	50
case_____b_a	50
coalesce_a_b	50
coalesce_b_a	50
if_______a_b	50
if_______b_a	50
ifnull___a_b	50
ifnull___b_a	50
least____a_b	50
least____b_a	50
greatest_a_b	50
greatest_b_a	50
CREATE TABLE t2 AS
SELECT
a                                         AS ___________a,
CASE WHEN a IS NOT NULL THEN a END        AS case_______a,
CASE WHEN a IS NOT NULL THEN a ELSE a END AS case_____a_a,
COALESCE(a)                               AS coalesce___a,
COALESCE(a, a)                            AS coalesce_a_a,
IF(a IS NULL, a, a)                       AS if_______a_a,
IFNULL(a, a)                              AS ifnull___a_a,
LEAST(a, a)                               AS least____a_a,
GREATEST(a, a)                            AS greatest_a_a,
b                                         AS ___________b,
CASE WHEN a IS NOT NULL THEN b END        AS case_______b,
CASE WHEN a IS NOT NULL THEN b ELSE b END AS case_____b_b,
COALESCE(b)                               AS coalesce___b,
COALESCE(b, b)                            AS coalesce_b_b,
IF(a IS NULL, b, b)                       AS if_______b_b,
IFNULL(b, b)                              AS ifnull___b_b,
LEAST(b, b)                               AS least____b_b,
GREATEST(b, b)                            AS greatest_b_b
FROM t1;
SHOW CREATE TABLE t2;
Table	Create Table
t2	CREATE TABLE `t2` (
  `___________a` bit(7) DEFAULT NULL,
  `case_______a` int(7) unsigned DEFAULT NULL,
  `case_____a_a` int(7) unsigned DEFAULT NULL,
  `coalesce___a` int(7) unsigned DEFAULT NULL,
  `coalesce_a_a` int(7) unsigned DEFAULT NULL,
  `if_______a_a` int(7) unsigned DEFAULT NULL,
  `ifnull___a_a` bit(7) DEFAULT NULL,
  `least____a_a` int(7) unsigned DEFAULT NULL,
  `greatest_a_a` int(7) unsigned DEFAULT NULL,
  `___________b` bit(8) DEFAULT NULL,
  `case_______b` int(8) unsigned DEFAULT NULL,
  `case_____b_b` int(8) unsigned DEFAULT NULL,
  `coalesce___b` int(8) unsigned DEFAULT NULL,
  `coalesce_b_b` int(8) unsigned DEFAULT NULL,
  `if_______b_b` int(8) unsigned DEFAULT NULL,
  `ifnull___b_b` bit(8) DEFAULT NULL,
  `least____b_b` int(8) unsigned DEFAULT NULL,
  `greatest_b_b` int(8) unsigned DEFAULT NULL
) ENGINE=MyISAM DEFAULT CHARSET=latin1
DROP TABLE t2;
CREATE TABLE t2 AS
SELECT
CASE WHEN a IS NOT NULL THEN a ELSE b END AS case_____a_b,
CASE WHEN a IS NOT NULL THEN b ELSE a END AS case_____b_a,
COALESCE(a, b)                            AS coalesce_a_b,
COALESCE(b, a)                            AS coalesce_b_a,
IF(a IS NULL, a, b)                       AS if_______a_b,
IF(a IS NULL, b, a)                       AS if_______b_a,
IFNULL(a, b)                              AS ifnull___a_b,
IFNULL(b, a)                              AS ifnull___b_a,
LEAST(a, b)                               AS least____a_b,
LEAST(b, a)                               AS least____b_a,
GREATEST(a, b)                            AS greatest_a_b,
GREATEST(b, a)                            AS greatest_b_a
FROM t1;
SHOW CREATE TABLE t2;
Table	Create Table
t2	CREATE TABLE `t2` (
  `case_____a_b` int(8) unsigned DEFAULT NULL,
  `case_____b_a` int(8) unsigned DEFAULT NULL,
  `coalesce_a_b` int(8) unsigned DEFAULT NULL,
  `coalesce_b_a` int(8) unsigned DEFAULT NULL,
  `if_______a_b` int(8) unsigned DEFAULT NULL,
  `if_______b_a` int(8) unsigned DEFAULT NULL,
  `ifnull___a_b` bit(8) DEFAULT NULL,
  `ifnull___b_a` bit(8) DEFAULT NULL,
  `least____a_b` int(8) unsigned DEFAULT NULL,
  `least____b_a` int(8) unsigned DEFAULT NULL,
  `greatest_a_b` int(8) unsigned DEFAULT NULL,
  `greatest_b_a` int(8) unsigned DEFAULT NULL
) ENGINE=MyISAM DEFAULT CHARSET=latin1
DROP TABLE t2;
DROP TABLE t1;
#
# End of 10.1 tests
#
